company, experience, due
통로이미지㈜, 경력3년↑, ~07/31(월)
휴먼교육센터, 신입·경력, 상시채용
이컴라인, 경력6년↑, ~08/03(목)
㈜넥슨, 경력무관, 상시채용
㈜넥슨, 경력2년↑, 상시채용
㈜비바리퍼블리카, 경력무관, ~07/17(월)
㈜인라이플, 경력, ~08/07(월)
㈜넥슨, 경력2년↑, 상시채용
㈜이글루코퍼레이션, 신입·경력1년↑, ~07/31(월)
㈜에듀윌, 경력2년↑, ~07/21(금)
㈜넥슨, 경력무관, 상시채용
㈜넥슨, 경력3년↑, 상시채용
㈜핸디소프트, 경력3년↑, ~08/15(화)
㈜비타소프트, 경력무관, ~07/26(수)
㈜넥슨, 경력3년↑, 상시채용
㈜넥슨, 경력무관, 상시채용
㈜포이시스, 신입·경력, ~07/17(월)
링크제니시스, 신입·경력, ~07/16(일)
㈜팀프레시, 경력3년↑, ~07/24(월)
인텍솔루션㈜, 경력4년↑, ~07/18(화)
㈜영신피앤엘 , 신입·경력, ~07/25(화)
㈜서일종합건설, 경력, ~08/05(토)
㈜동아전람, 신입·경력, ~07/17(월)
㈜서브원, 신입·경력, ~07/18(화)
한미사이언스㈜, 신입·경력, ~07/16(일)
기아㈜, 신입·경력, 상시채용
㈜블루래빗, 신입·경력, ~07/16(일)
㈜SM엔터테인먼트, 경력, ~07/16(일)
메리츠화재, 경력무관, ~07/18(화)
앨트웰㈜, 신입·경력, ~07/30(일)
